20955.3046875,inf,0
20960.3515625,695786.6875,0
21031.75,21045.318359375,0
21068.314453125,21077.8515625,0
21078.701171875,21093.69140625,0
21084.65625,21089.7734375,0
21084.712890625,21085.25390625,0
21096.66015625,21102.625,0
21128.421875,753451.75,0
21129.169921875,55675.8046875,0
21131.53125,21133.03125,0
21132.615234375,21132.810546875,0
21132.92578125,21133.029296875,0
21133.921875,21134.22265625,0
29049.751953125,595140.5625,0
33951.6875,4406019.5,0
33951.6875,33951.69140625,0
33951.6875,33951.69140625,0
33951.6875,33951.69140625,0
33951.6875,33951.69140625,0
33951.69140625,33951.6953125,0
33951.69140625,33951.6953125,0
33951.69140625,33951.69140625,0
33951.69140625,33951.6953125,0
33951.69140625,33951.6953125,0
33951.69140625,33951.6953125,0
33951.69140625,33951.6953125,0
33951.69140625,33951.6953125,0
33951.69140625,33951.6953125,0
33951.69140625,33951.6953125,0
33951.69140625,33951.6953125,0
33951.69140625,33951.69140625,0
33951.6953125,33951.6953125,0
33951.6953125,33951.6953125,0
37927.65625,41395.046875,0
38547.94921875,305239.28125,0
41389.9296875,551753.9375,0
41542.9140625,44839.4453125,0
42155.2734375,977029.4375,0
43633.5,49359.3203125,0
71575.2109375,137056.609375,0
72977.515625,83074.4140625,0
75448.5625,222577.390625,0
75655.7421875,92117.96875,0
76153.1015625,79297.4375,0
78990.5546875,79297.4375,0
83027.7265625,85336.0625,0
83027.9140625,85336.1328125,0
83219.6796875,83277.0234375,0
83219.8125,83277.2265625,0
83465.921875,83683.3203125,0
84313.6953125,98821.2890625,0
88327.2265625,88386.6484375,0
88651.640625,89275.203125,0
89720.5390625,89777.390625,2
89968.53125,90021.359375,0
89996.78125,90279.2578125,0
89997.109375,90264.5390625,0
90059.40625,90077.59375,0
90390.546875,90478.203125,0
90565.546875,90566.9921875,0
90683.1484375,90696.5,0
90770.2734375,90815.1875,0
90770.890625,90846.5234375,0
90862.9453125,90886.65625,2
90937.3984375,90971.2109375,2
91194.609375,91829.8515625,0
91195.265625,91305.3515625,0
91231.078125,91296.8828125,0
91365.1484375,91434.3359375,0
91441.4375,91441.4453125,2
91506.2265625,91541.53125,2
91522.984375,91616.1640625,2
91527.078125,91541.65625,2
91587.7421875,91634.3125,2
91761.28125,91782.7578125,0
91762.2109375,91769.34375,0
92109.09375,92139.8359375,2
92124.625,92139.1171875,2
92417.015625,92798.78125,2
92417.265625,92798.84375,2
92597.5390625,92617.1875,2
92704.15625,93141.2265625,2
92730.875,94629.3671875,2
92829.4609375,92841.1484375,2
92842.6484375,94900.8125,2
92916.234375,93142.9765625,2
92918.203125,93111.25,2
92932.640625,94068.1015625,2
92945.0390625,92947.03125,2
92954.1484375,93035.4765625,2
92992.0703125,93033.1171875,2
93037.421875,94065.7578125,2
93039.0625,93482.140625,2
93062.703125,93169.3046875,2
93063.703125,93168.890625,2
93074.9609375,93884.625,2
93456.3671875,93526.28125,2
93484.4140625,93853.1171875,2
93497.796875,93871.9609375,2
93540.2109375,94510.578125,2
93661.1640625,93772.421875,2
93734.1015625,93769.703125,2
93735.546875,93769.875,2
93743.171875,93768.3828125,2
93767.796875,93769.421875,2
105822.0703125,106422.375,0
107806.125,108111.1953125,2
111324.4609375,111345.9453125,2
119635.5546875,119749.3671875,2
126515.9140625,127282.78125,0
129103.2734375,129430.1171875,2
130629.7109375,134280.90625,0
133551.390625,139681.328125,0
138813.90625,180473.015625,0
141277.3125,148712.71875,0
141392.46875,145321.34375,0
141957.984375,142275.140625,0
142692.84375,174072.1875,0
143619.921875,179085.125,0
145698.859375,169053.875,0
146794.703125,148725.5,2
147789.328125,199561.984375,0
149446.84375,149485.828125,2
151145.59375,181812.796875,0
154261.015625,156412.828125,2
154527.546875,168452.34375,0
155488.546875,156494.578125,2
160373.28125,171338.875,0
161354.75,166206,0
163548.015625,165635.875,2
164385.09375,165893.421875,2
166779.28125,173642.6875,0
172554.484375,218298.21875,0
172906.140625,177769.21875,0
173752.875,574446.4375,0
173790.09375,175304.359375,2
174025.484375,174229.265625,0
174071.34375,195772.65625,0
177445.34375,177523.4375,2
181437.8125,458390.03125,0
183411.765625,192193.953125,0
186344.65625,188739.453125,0
188497.4375,189572.75,0
191355.265625,201995.328125,0
199598.03125,200191.5,2
199743.484375,213064.71875,0
203559.921875,596030.3125,0
204721.078125,205585.40625,2
210030.4375,332369.71875,0
210896.859375,217075.53125,0
216937.71875,216947.53125,2
220464.9375,221022.328125,0
222590.40625,222775.046875,2
222661.765625,222774.609375,2
224220,247320.015625,0
227923.734375,228306.515625,2
229527.90625,229616.859375,2
231357.328125,431581.375,0
236812.953125,237145.28125,2
238246.703125,242817.171875,0
245658.984375,246061.40625,2
245795.15625,246061.34375,2
248625.875,262059.578125,0
260072.859375,495147.875,0
261577.1875,261813.453125,2
263507.09375,263512.90625,2
264624.125,279379.15625,0
266261.59375,292005.6875,0
268897.78125,283815.46875,0
270518.15625,271290.15625,2
270971.03125,271473.6875,2
273659.5625,279009,0
277051.78125,282007.4375,0
281356.875,282358.875,2
288627.53125,289593.375,2
289159.40625,289593.1875,2
292360.375,318849.4375,0
295962.28125,301060.5625,0
297745.6875,461375.28125,0
298555.25,370913.46875,0
299281.3125,301173.09375,2
299291.03125,299553.25,2
300348.3125,330321.21875,0
306337.46875,307453.90625,2
306455.96875,307453.6875,2
306549.09375,313582.0625,0
312845.84375,402710.5,0
314356.125,314885.59375,2
315586.625,317822,0
316492.84375,320358.5625,0
320802.21875,328076.5625,0
322799.0625,352663.34375,0
323625.84375,333214,0
324453.28125,325927.125,2
324661.59375,325552.25,2
325389.46875,325524.90625,2
329315.03125,329798.75,0
329897.71875,330321.21875,0
331812.15625,333376.5625,2
335399.65625,338282.09375,0
336350.78125,336694.34375,2
336412.125,344742.8125,0
336431.4375,337098.78125,2
342038,342713.15625,2
344379.96875,345595.3125,2
344853.21875,345594.09375,2
355208.40625,357094.1875,2
359253.5,361332.78125,2
361903.28125,956177.375,0
362684.625,364398.9375,2
364275.96875,364398.21875,2
373430.40625,375778.25,2
378810.59375,380244.53125,2
379604.75,426155.71875,0
381597.09375,383482.46875,2
383455.25,383482.5625,2
383501.6875,383896.625,2
384907.125,387717.125,2
385050.40625,386310.15625,0
389265,389932,2
392098.375,396588.03125,0
393113.125,395567.46875,2
400890.71875,411973,0
402243.71875,404036.46875,2
403807.625,404036.875,2
408716.78125,409003.8125,2
414210.0625,416509.0625,2
415339.59375,426721.6875,0
415701.71875,418593.0625,2
419439.9375,423823.125,0
424334.59375,425933.09375,2
425398.5625,425933.15625,2
425518.4375,539327.0625,0
427625.125,454920.84375,0
428307.03125,429116.03125,2
428711.625,430612.65625,0
429618.03125,578097.8125,2
431201.78125,431739.09375,2
436165.21875,438089.3125,2
437156.34375,437486.25,2
438941,439115.875,2
444525.875,445864.46875,2
444620.78125,444912.4375,2
445114.0625,446590.75,2
445186.78125,446590.6875,2
448239.46875,448566.5625,2
449834.03125,450783.78125,2
452624.5625,475645.9375,0
452887.90625,565729.75,0
453649.625,454005.0625,2
456421.6875,457690.34375,2
457184.15625,458071.875,2
457765.21875,459151.09375,2
463853.875,561505.125,0
464407.75,467438.75,2
466114.21875,470381.6875,2
466569.625,848351.875,2
467436.78125,467438.78125,2
467781.78125,467811.84375,2
468059.5625,488804.03125,0
468220.4375,468228.03125,2
471243.75,471662.34375,2
471884.0625,492160.09375,0
475952.125,478180.8125,2
476055.78125,478665.5,2
476461.53125,478602.875,2
478378.375,478539.6875,2
480281.40625,484206.625,2
485788,486313.90625,2
487380.28125,489086.59375,2
487790.5,489087.0625,2
488004.6875,488133.8125,2
489908,496014.8125,2
490496.25,490753.46875,2
496787.34375,502335.375,2
498677.125,1067506.375,0
499119.09375,500202.5625,2
505338.375,506974.03125,2
509450.78125,510012.9375,2
511241.4375,692998.6875,0
511975.84375,513209.625,2
512055.28125,513872.03125,2
512331.125,513209.53125,2
512559.40625,513205.4375,2
519229.78125,520081.1875,2
521665.75,523627.59375,2
523283.625,523403.65625,2
525662.875,525973,2
527477.625,551881.5625,0
527640.9375,527850.75,2
530760.4375,534222.1875,2
531697.625,531739.5625,2
532728.375,535810.5625,2
533750.5,536098.0625,2
533889.3125,636701.125,2
535248.4375,537797.125,2
535429.75,686697.9375,0
538676.3125,554948.125,0
539134.625,540824.6875,2
539668,543058.5625,2
540162.25,541125.375,2
543555.5625,544730.875,2
544076.6875,546721.8125,2
544195,594816.3125,0
544226.8125,544729.8125,2
545938,549945.375,2
547753.1875,561224.25,0
551889.0625,553462.0625,0
553631.5,553659.5,2
554807.5,557330.6875,2
556902.8125,558956.6875,2
557494.0625,557494.125,2
561323.375,561819.375,2
565057.1875,569459.0625,2
566096.5,568367.125,2
567627.6875,568366.125,2
570470.3125,570849.0625,2
570959.8125,572364.5,0
573757.5,576037.75,2
582483.75,596692.25,0
583796,585926.0625,2
587584.3125,587621.875,2
590860.25,598814.1875,2
591202.125,591685.3125,2
593043.5,594863.625,2
593193.1875,595049.5625,2
593645.875,594863.5,2
594791.375,596807.1875,2
603469.75,604045.375,2
604331.8125,608353.4375,2
610520.8125,610831.6875,2
611503.375,619175.8125,0
614468.8125,618362.5,2
616134.8125,617330.8125,2
618596.75,622681.625,2
621837.8125,622843.25,2
622428.75,622843,2
623994.125,626835.25,2
624250.8125,624685.5,2
624398.25,845094.1875,0
625139.875,628315.6875,2
628810.625,632837.875,2
631536.3125,638254.1875,2
634281.625,962783.375,2
640751.375,707553.1875,0
641691.3125,644118.875,2
643641.9375,644948.4375,2
644577.4375,645964.75,2
646765.6875,647760.3125,2
651318.5,665901.3125,0
654453.3125,655968.8125,2
656242.75,665479.1875,2
657190.9375,658887.8125,2
657818,658888.125,2
660069.3125,662771.875,2
661084.8125,661166.625,2
664341.6875,695786.6875,0
666402.5,668317,2
667574.375,668503.25,2
671606.75,672454.8125,2
676984.875,680555.5,2
683457.0625,684694.375,2
685564.125,688615,2
687021.3125,687112.25,2
688439.6875,688615,2
690467.5,691464.0625,2
690622.5,780456.5,0
691991.375,693321.6875,2
700987.0625,759943.9375,2
702212.4375,703322.3125,2
706654,711337.125,2
708128.125,710479.4375,2
709061.6875,709647.1875,2
715255.8125,716733.1875,2
716884.9375,717019.875,2
719068.6875,723029.9375,2
719180.125,731974.9375,2
719208.375,720403.5,2
723000.6875,724420.1875,2
726354.0625,756465.8125,0
728318.375,732158.9375,2
729250.25,729916,2
729820.9375,732727.4375,2
733635.875,735823.3125,2
736663.3125,737469.9375,2
737121.625,738510.875,2
737400.25,741031.4375,0
738568.5625,741813.25,2
739671.1875,807047.75,0
744409.25,778697.4375,0
746296.75,748355,2
746362.875,808008.0625,0
746829.9375,751639.5625,2
747900.25,764807.9375,0
751375.4375,751810,2
754458.4375,755435.6875,2
758452.875,769607.6875,0
763001.75,767144.5625,2
764155.625,767476.5,2
764546.1875,770654.625,0
766385.75,767476.8125,2
768620.0625,781050.75,0
769187.375,805941.6875,0
773075.875,776892.5625,2
774526.25,776928.625,2
775280.25,775994.125,2
778299.125,1756812.5,0
779102.875,779364.75,2
781350.6875,783368.4375,2
781417.125,783744.1875,2
781941.3125,796207.0625,0
782774.6875,807287.6875,0
783407.5625,784909.375,0
787011.1875,788560.1875,2
787209.4375,790364.6875,2
787754.3125,801290.9375,2
789153.25,789413.1875,2
789377.0625,793518.25,2
792144.5,796246.8125,2
792551.5625,1042274.4375,0
793415.4375,804772.375,0
798093.5,802730.875,2
799537.0625,801318.625,2
802107,804914.5625,2
809379.9375,812386.5625,2
810323.8125,845094.1875,0
810596.8125,814409,2
813078.5625,813433.4375,2
814101.9375,814565.625,2
817810.0625,1166966.75,0
819297.1875,839724.8125,0
826120.75,828408.3125,2
829187.8125,830297.6875,2
829808.625,831161.0625,2
832965.1875,833257.0625,0
833521.25,834664.5,2
837357,837691.5625,2
837366.3125,837688.0625,2
839001.4375,846853.375,2
839324.25,853260,0
840197.8125,842990.1875,2
842539.1875,844272.25,2
842656.8125,848189.5625,2
844243.5625,847210.5,2
845774.3125,849971.4375,2
846107.6875,2182677,0
847293.875,853162.8125,2
848262.75,849972.0625,2
853877.0625,858429.4375,2
856471.9375,857043.875,2
856801.5625,857046.375,2
857551,858784.75,2
859876.375,860692.9375,2
860218.6875,860693.8125,2
860443.0625,862912.0625,2
863222.9375,865327,2
869067.5,873172.75,2
870215.6875,885080.4375,2
870387.8125,873641.6875,0
873364.125,876340.875,2
875007.0625,876001.625,2
875007.0625,883753.875,2
881177.875,883396.875,2
881387.75,979750.625,0
883076.25,934892.0625,0
883339.125,887179.75,2
886576,892216.4375,2
891935.9375,919396.875,0
892103.875,894658.5,2
894050.25,894432.25,2
896255.1875,896485.75,2
904841.25,909905.5625,2
906100.375,906130.5,2
908033.9375,912276.3125,2
910455.4375,964083.125,0
914875,915524.4375,2
915426.25,957881.9375,0
916289.625,959732.5625,0
917838.3125,940335.625,0
918983.75,919186.375,2
925993.9375,929059.4375,2
928004.5625,929060.75,2
928820.0625,965926.3125,0
929474.8125,930194.125,2
935412.25,942931.875,2
936084.25,968343.5,0
938972.375,943604.875,2
943170.6875,956436.6875,0
944263.3125,945272.8125,2
947217.125,949573.9375,2
950606.875,954670.0625,2
950774.6875,965195,0
951016.5,965926.3125,0
952573,954657.375,2
953616.5,954667.8125,2
955069.4375,956229.375,2
958464.75,960501.875,2
963468.125,964083.125,0
965202.125,971534.4375,2
966458.5625,967356.5,2
968012.5,983438.5,2
969203.75,970598.4375,2
978387.5625,984107.1875,2
979559.8125,980674.625,2
980533.375,983887.875,2
982059.3125,983977.75,2
982234.0625,984532,2
982241.1875,1150567.375,0
983075.9375,983755.4375,2
983155.375,984111.1875,2
983757,983891.25,2
986579.5625,987686,2
986845.6875,996817.375,2
990454.875,999637.0625,0
992939.0625,992956.875,0
992948.6875,992951.875,0
992958,992968.3125,0
992958.1875,992973.625,0
992959.6875,992973.6875,0
992961.875,992969.0625,0
992965.375,992971.6875,0
993024.375,993049.5625,0
993042,993056.8125,0
993049.25,993056.25,0
995391.4375,997830.25,2
997563.9375,1005011.625,2
998879.375,1002951.0625,2
1004157.5625,2093866.25,0
1007198.3125,1014966.6875,2
1010001.375,1013799.875,0
1012394.6875,1015781.0625,2
1012485.4375,1013089.4375,2
1013345,1600072.125,0
1014305.875,1014966.4375,2
1014448.625,1015046.3125,2
1016713.5625,1019942.5,2
1017620,1021725.875,2
1018820.9375,1019940.75,2
1022527.5625,1174950.375,0
1024471.75,1024798.375,2
1025895.8125,1030073.9375,0
1026212.0625,1033015.25,2
1027259.25,1031022.375,0
1028771.25,1030951.125,0
1030598.375,1039236.1875,2
1031432.0625,1031927.0625,2
1032414.6875,1038134.375,2
1041901.5625,1043640.5,2
1042983.5625,1043642.4375,2
1043274.5,1047407.375,2
1047110.625,1055916.625,2
1048991.875,1051869.5,2
1050434.375,1055340.375,2
1054393,1090777.125,0
1058263.375,1064287.75,2
1059466.875,1089362.625,0
1060505.375,1062613.125,2
1060890.375,1417673.375,0
1063348.375,1063892.875,2
1069200,1074133.125,2
1069488.5,1071193.5,2
1072150.375,1075165.75,2
1075385.375,1076717.875,2
1075526.25,1076721.125,2
1076225.375,1079363.75,2
1076858,1090030.625,0
1078217.5,1082573,2
1079406.875,1086583.625,0
1080155.625,1081690,2
1082571.375,1085495.75,2
1082936.75,1083218.25,2
1087384.875,1091036.875,2
1087458.5,1094630.375,2
1089156.75,1090563.25,2
1092426.75,1110714.75,2
1095999,1096025.375,2
1096280.25,1104007.75,2
1096402.125,1097810.75,2
1098530.75,1103553.625,2
1106027.75,1108466.875,2
1109792,1114085.375,2
1111290.75,1115111.125,2
1114354.25,1115663,2
1114979.5,1115679,2
1116066.875,1120320.875,2
1116788.375,1122316.375,2
1121003.875,1121204.25,2
1123638.625,1125686.25,2
1124996.875,1131679.125,2
1125631.375,1125686,2
1126802.625,1799859.125,0
1135066,1146385.5,2
1138148.75,1139476.375,2
1138526.625,1145539,2
1139081.5,1143494.875,2
1139485.875,1139896.375,2
1141241.625,1145536.25,2
1141564.125,1143979.25,2
1143470.625,1143498.125,2
1144266.125,1145533.625,2
1145411.25,1149035.5,2
1152359.5,1160784.625,2
1155931.875,1156595.625,2
1156270.125,1157027.875,2
1156715.125,1160661.375,2
1158425.125,1167926.5,2
1158803.5,1160236.25,2
1160174,1160541.5,2
1168699.75,1439727.25,0
1174163.5,1181287.125,2
1176173.625,1178570.375,2
1176950.5,1181728.5,2
1179331.5,1189450.625,2
1180738.875,1188106,2
1181362.625,1185756.75,2
1183147.5,1185758.5,2
1184103.625,1188473.625,2
1187942.625,1194592.375,2
1197819.75,1202566.25,2
1198540.125,1200588.5,2
1202960.125,1511750.75,0
1203837.5,1207322.375,2
1209186.25,1214324.625,2
1210354.375,1211726.125,2
1215443.75,1218410.75,2
1216367.375,1217943.625,2
1216415,1217951.125,2
1218662.5,1506900.75,0
1219058.625,1223407.625,2
1219880.375,1230095.5,2
1231809,1235197.75,2
1232328.25,1232367.875,2
1234711,1256540,0
1238568.75,1705146.5,0
1239420.125,1258665.375,2
1240572,1241727,2
1241793.25,1242996.125,2
1245475.5,1248333.625,2
1246363.125,1251578.125,2
1246682.25,1248333.125,2
1247929.625,1267552.5,0
1248255.625,1267552.5,0
1259029,1263070.625,2
1259508.875,1271647.375,2
1263718.5,1268289.125,2
1264086.75,1277487,0
1266960.5,1268389,2
1267963.25,1271620.625,2
1269832.125,1276266.625,2
1271101,1294204.5,0
1274429.25,1276301.5,2
1283437.875,4420513,0
1286639.75,1287808.5,2
1288913.5,1292249.75,2
1294701.125,1295911.375,2
1296645.875,1307144.375,2
1302176.875,1306505,2
1303076.25,1305474.5,2
1303866.625,1309347.125,2
1304382.625,1305473.25,2
1306040.125,1308361.25,2
1306156.75,1307142,2
1307068.375,1318680.75,2
1312437.875,1316552.875,2
1314457.625,1320226,2
1320211.75,1320223.5,2
1321687.875,1322572.875,2
1327341.125,1337728.5,2
1328189.375,1333280.5,2
1328309.125,1331173,0
1338247.75,1450086.5,0
1342344.25,1346782.125,2
1344636.125,1348093.75,2
1345232.625,1346780.125,2
1346628.875,1355713.125,2
1347757.5,1350762.25,2
1348520.5,1357506,2
1350085.875,1362650.625,2
1357894.5,1358305.75,2
1358076,1369328.375,2
1361427.125,1364227.75,2
1362921.75,1367326,2
1363168,1368053.5,2
1364675.5,1368050.625,2
1364988.125,1370031.625,0
1368624.875,1381083.75,0
1374245,2523204.25,0
1378945.25,1382912.375,2
1378982.5,1424901.625,0
1379156,1379481.375,2
1383463.375,1385126.75,2
1385592.875,1388397.375,2
1386506.125,1390703.875,2
1388306,1391186.625,2
1392749.75,1393969.5,2
1394085,1407876.625,2
1394085,1394864.5,2
1401355.25,1401870,2
1405180.25,1495857.5,0
1412852.375,1419117.875,0
1416294.25,1434266.125,2
1418690.25,1421458.375,2
1421441.125,1518907.5,0
1430534.125,1471108.625,0
1432048.5,1439401.125,2
1432332.875,1436380.125,2
1432983.25,1436373.25,2
1438856.5,1439412.5,2
1441351.25,1445705.25,2
1441392.125,2996443.5,0
1443916.625,1447371,2
1444363.125,1454997.125,2
1447951.75,1459665.875,2
1448811.25,1449034.75,2
1449839.5,1456332.375,2
1463034.625,1490712.375,0
1465214.125,1472158,2
1465693.75,1500507.25,0
1466756.375,1635900,0
1467577.125,1491125.875,2
1477001.75,1481018.375,2
1478019.625,1516799.5,0
1481256.75,1491903.125,2
1484813,1494947.25,2
1485383.75,1492685.75,2
1491139.625,1491930.75,2
1494193.75,2010943.5,0
1498112.5,1500403.875,2
1498889.5,1509061.625,2
1499369.25,1500399.5,2
1508159,1525948.875,0
1508977.875,1516069.125,2
1509360.5,1515428,2
1510936.125,1519012.75,2
1512743.625,2257951.25,0
1515187.75,1516057.625,2
1516422.375,1519514,2
1521601.25,1530004.5,2
1522504.875,1534505.125,2
1524291.875,1537027.75,2
1524675,1534528.625,2
1533681.875,1537003,2
1534926.125,1542026.25,2
1536377.875,1542053.375,2
1542269,1950800,0
1545530.125,1556756.5,2
1546635.375,1557266,2
1550182.875,1551304.5,2
1551552.625,1565607.875,2
1552520,1554129.375,2
1554826.625,1560746,2
1556199,1573761.375,2
1567278.625,1572647.125,2
1567728.125,1574693.75,2
1568208,1572642.25,2
1568547.375,1578113.875,2
1569235.875,1576783.75,2
1571822.375,1574711.875,2
1580983.25,2080862.125,0
1581358.25,1588638,2
1582399.625,1585695.5,2
1583782.875,1587030.25,2
1585449.625,1589963.375,2
1589179.25,1590694.125,2
1590120.25,1595053.625,2
1594452.25,1656660.75,0
1594773.5,1595391.25,2
1594782.75,1595640,2
1596535.625,3396336.75,0
1602302.625,1616163.875,2
1602820,1603950.75,2
1604148.875,1948847.75,0
1606405.5,2677544.5,0
1606939.75,1607195.125,2
1607376.125,1608720.75,2
1607712.375,1614294.5,2
1608253.375,1612718.125,2
1610799.625,1618400,2
1617239.25,1618416.875,2
1617637,1625140.25,2
1618326.375,1626825.875,2
1630779.25,1642817.5,2
1633492.875,1635451.75,2
1635653.5,3600472,0
1636089.875,4506976,0
1637077,1752478.625,0
1638916.375,2199805.75,0
1642119.5,1660578.625,2
1649392.5,1655879.25,2
1651890.125,1664877.875,2
1652344.25,2046489.75,0
1652600,1655870,2
1654659.625,1669065,2
1656721.875,1700514.625,0
1657810,1668601.625,2
1658665.375,1709979.5,0
1664191.125,1678480.5,2
1664504.375,1668638.5,2
1666520.5,1669180.75,2
1666998.625,1675097.875,2
1671386,1671690.375,2
1671623.125,1676753,2
1671907.75,1684404.125,2
1672412.625,1726065.875,0
1673863,1678486.625,2
1677036.25,2146181.25,0
1677331.875,1679666.125,2
1686378,1697889.125,0
1687371.875,1701542.375,0
1687447.375,1687688.75,2
1687881.5,1717488.125,2
1691407.375,1694175.5,2
1693443.5,1700430.75,2
1695805.125,1740487.25,0
1700644,1710271.5,2
1700987,1701322.25,0
1703122.875,1714634.875,2
1706997.375,1730777.375,0
1707701.875,1713969.125,2
1710946,1714660.25,2
1711511.25,1728832.5,2
1717756.875,1741126.625,0
1718283.125,1722295.375,2
1720206.75,1910435,0
1722700.625,1755055.125,0
1725672.125,1728641.625,2
1727687,1728637.625,2
1732705.25,1743265.125,2
1738265.375,1743213.25,2
1739163.25,1743207.625,2
1740482.125,1757772.375,2
1743033.375,1750339,2
1745815.375,1761919,2
1746228,1756464.75,2
1749690.125,1758408.625,2
1753221.5,1763934.875,2
1753358.125,1764998.75,2
1754350.125,1757769,2
1759927.5,1761928.625,2
1761713.25,1763848.25,2
1763885.25,1805463.375,0
1765424.375,1779039.125,2
1774734.375,1839288.875,0
1774944.375,1781878,2
1777040.125,1779043.75,2
1784821.25,1927990.5,0
1785899.5,1790181.5,2
1789505,1793095.125,2
1795199.75,1797186.25,2
1796050,1809532,0
1797192,2591001.75,0
1798349.625,1807795.75,2
1801038,1806404,2
1801814.375,1806245.125,2
1803049.875,1807841.5,2
1804561.875,1806403.375,2
1805960.25,1819458.5,2
1807085.75,1818451.75,2
1807515.5,1816220.375,2
1808258.375,1822321.75,2
1812082.375,1826888.125,2
1826090.5,1836082.75,2
1830175.25,1840264.125,2
1830579.875,1832372.375,2
1831522.375,1831540.625,2
1834103.75,1834993,2
1834238.75,1843241.5,2
1835542.125,1837933.75,2
1835772.875,1838610.375,2
1835963.625,1837265,2
1840610.25,1844467.75,2
1845697.625,1854152.125,2
1854981,1866667.5,2
1855380.875,1868906.875,2
1858336.25,1869985,2
1859141.375,1872893.125,2
1862730.875,1865759.375,2
1863408.5,1866884.25,2
1870666.75,1883161.5,2
1875207.75,1885513.5,2
1875748.5,2403370.25,0
1876696.125,1892704.125,2
1878076.5,2093483.5,0
1878409.5,2003719.25,0
1880388.5,1890125.875,2
1883259.5,1951383.25,0
1886441.875,1895878.875,2
1889408.5,1895855.125,2
1889408.5,1897825,2
1890092.25,1897862.5,2
1890325.75,1908834.875,2
1891411.125,1899229.75,2
1893242.25,1895872.25,2
1894983.125,1915610,2
1904134.625,1907239,2
1913369.875,1916354.125,2
1913823.875,1930494.75,2
1913970.25,1916319.25,2
1917214.75,1919039,2
1918468.25,1924260.875,2
1919619.75,1947401.625,0
1920560.75,1922364.75,2
1924840.375,1930888.375,2
1925863,1926884.125,2
1926883.25,1935625,2
1928935.625,1932869.75,2
1929985,1934463,2
1930033.625,1944826.25,2
1930789.5,1934230.5,2
1931536.625,1945640.125,2
1932629,1945003.125,2
1932817.25,4388063,0
1938129.75,1941980.5,2
1938906.375,2419378.75,0
1939665.75,1940046.75,2
1939941.625,1944964.875,2
1942370,1945056.875,2
1942611.5,1942889.875,2
1942654,1946632.625,2
1945900,1974697.25,2
1953793,1965508.25,2
1961447.875,1964593.75,2
1962394.375,1963093.625,2
1964610.625,3315318,0
1967106.125,1983264.375,2
1969570.5,1973687.75,2
1972536.125,2006462.625,0
1975545.5,1981672.625,2
1977648.25,2206844.75,0
1980391.25,1983685,2
1981840.5,1994701.625,2
1986871.125,1988382,2
1990972.5,1994684.625,2
1995769.5,2003906.875,2
1996144.375,2006901.75,2
1997547.875,2006836.75,2
1999092.125,3059690.5,0
2000993.625,2010467.875,2
2004264.125,2026613.25,2
2004267,2029714.125,2
2007764.625,2129484.5,0
2010413.25,2016362.75,2
2013361.375,2014671.5,2
2013633.125,2014617.25,2
2024203.5,2026328.375,2
2025818.75,2032918.25,2
2025835.125,2034218.625,2
2029957.5,2035353.5,2
2030831.625,2035291.625,2
2034678.5,2042855.875,2
2034787.5,2039959.5,2
2037645.5,2986249.5,0
2038211.375,2043491.75,2
2038510.25,2043459.625,2
2039062.75,2046406.625,2
2039062.75,2057340,2
2039716.875,2043575,2
2040330,2087208.375,0
2041203,2044133.125,2
2043428,2057338.25,2
2045517.125,2400928,0
2048395.375,2060726.5,2
2051994.875,2067240.25,2
2055368.375,2073775.5,2
2059467,2066112.5,2
2060233.75,2060847.25,2
2066706.5,2074118.625,2
2066764.25,2088541.875,2
2072378,2074246.875,2
2073285.625,2080786.625,2
2077527.625,2084932.875,2
2078476.5,2080790.375,2
2078969,2085399.25,2
2080498.5,2086925.625,2
2080656.5,2125895.5,0
2080894.875,2080960,2
2085692.625,2702733.5,0
2085890.5,2092150.75,2
2086331.75,2091031.375,2
2089137.875,2104071.75,2
2089227.5,2103950.5,2
2098798.5,2111161.75,2
2099354,2110898.25,2
2106734.5,2109004.75,2
2110687.75,2122166,2
2113402,2133362,2
2114474,2115356.5,2
2116870,2132254.5,2
2120677,2130970,0
2123576,2127280.5,2
2123858.25,2137668.25,2
2124452,2143816.5,2
2126270.25,2132080.25,2
2131622,2132733.75,2
2136519.5,2151023,2
2137027,2152574.5,2
2137100.5,2143552.25,2
2138841.75,2152977.25,2
2140402,2154690.25,2
2141795.75,2144581,2
2145029.25,2151440.5,2
2158236.5,2162180.25,2
2158393.5,2174157.25,2
2158869.75,2162201.75,2
2162466.5,2166450,2
2165452,2166585.25,2
2169959,2173369.25,2
2174667,2199768,2
2177359.5,2187879.75,2
2177615.25,2189082.5,2
2182363,2183128.5,2
2188133.5,2208694.5,2
2188334.25,2200263.25,0
2189747.5,2193856,2
2201067.5,2208456.5,2
2203059,2220215.75,2
2203780.5,2204481.25,2
2204682.75,2205343.75,2
2205035.75,2205343.25,2
2206945.75,2679183.25,0
2207276,2227631.25,2
2209497.25,2285695.25,0
2209857.5,2221101.5,2
2209955.5,2220441,2
2211239,2226159.25,2
2216613.5,2223001.75,2
2219138.75,2228799,2
2219937.25,2256581,2
2220605,2220832.75,2
2221675.25,2243102.5,0
2223089,2252618.25,0
2224267,3346527.25,0
2224560.5,2229811.25,2
2229898.25,2230608,2
2234755,2246160,2
2234993.75,2246284.5,2
2239140.5,2251354,2
2241537,2248021,2
2243359.25,2254780.5,2
2243497.25,2258397,2
2244129.75,2244195.5,2
2251998.25,2257121.25,2
2254450.25,2263975.5,2
2256944.25,2259770.25,2
2257719,2274126.5,2
2259026.25,2270943.25,2
2261457,2273412.25,2
2266353,2272836.5,2
2267031.5,2452939.5,0
2267787.25,2273415.75,2
2268731.75,2298992,2
2269380.5,2272222.25,2
2269567,2290816.75,2
2271744.75,2297009.5,2
2273100,2273402.75,2
2273925.75,2300502.5,2
2274556.25,2315657.75,2
2280659,2292424.75,2
2280974.25,2297634.75,2
2284216.5,2678925.75,0
2285558,2767981.25,0
2290005.75,2312513.25,2
2294198.5,2300539.75,2
2296426.75,2312129.75,2
2296760,2301558.5,2
2298277,2300362.75,2
2298678,2301658.75,2
2300297.25,2317623.5,2
2306493.75,2310245,2
2308255.5,2330907.75,2
2309451.25,2324728.5,2
2311743.25,2330676,2
2315409.75,2335911.5,0
2316235.25,2327563.75,2
2317135,2685772.5,0
2322110.75,2464648.5,0
2325595,2344548,2
2328932.75,2333839.5,2
2335745,2346511,2
2338293.25,2375003.75,2
2340840.5,2348734.5,2
2340898.25,2347000,2
2348038.5,2355297.75,2
2348517.25,2362384,2
2351202.25,2988061,0
2352732.25,2362060.25,2
2353899,2373558.25,2
2355225.5,2363191.25,2
2356249.5,2375523,0
2360096.75,2908556,0
2360368.75,2376549.5,2
2361229.5,2368293.25,2
2361235,2364635.25,2
2361352,2374268.75,2
2362647.75,2365770.5,2
2363362.25,2372668.25,2
2363516.5,2434758.75,0
2368340.75,2465364.25,0
2369548.25,2372580.75,2
2373089,2373641.25,2
2373291,2380229.75,2
2374997.75,2381316.75,2
2376272.75,2428242.25,0
2376555.5,2387166.25,2
2378827.25,2392580.5,2
2385168.5,2394879,2
2387178.75,2478403.25,0
2387210.75,2394026.25,2
2387274.25,2393132.5,2
2391594.25,2397059.5,2
2391688.5,2569746.25,0
2392652.25,2417728.75,2
2393833.5,2400401.5,2
2396268.75,2415507.75,2
2401946.25,2427844.75,2
2402287.75,2413138.5,2
2405892,2408978.75,2
2408112.5,2413992.75,2
2411232.5,2421869.25,2
2418761.25,2448403.5,2
2418761.25,2436683.5,2
2420390.5,2486668.25,0
2421951.5,2425906.75,2
2422175.5,2430993.25,2
2424195,2433564.75,2
2424926.75,2430621.75,2
2424935.25,2495941.25,0
2433464,2436408.25,2
2436381.75,2460907.75,2
2442146,2452618.5,2
2446410,2461307.5,2
2457337.5,2460869.5,2
2463456.75,2478682.75,2
2465181,2536592.5,0
2472134.75,2474811,2
2472733.75,2482288.5,2
2474003.5,2487158,2
2475095.5,2489242.25,2
2476526,2500945.5,2
2476842.5,2481806,2
2478638.5,2508560.75,0
2479302.75,2709369,0
2479562,2488757,2
2480602.5,2523204.25,0
2484948.5,2487966.75,2
2489768,2495225.5,2
2490613.5,2497062.25,2
2490795,2508233.75,0
2491309.75,2781361.75,0
2493607.5,2495186.75,2
2496890.5,3264389,0
2498538,2502314.5,2
2499191.75,2952862,0
2501754,2642834.75,0
2508055.5,2642834.75,0
2512795.5,2520450.25,2
2514923.75,2527188.25,2
2515719,4550211,0
2526435.75,2530398.75,2
2529403,2664663.5,0
2530577.75,2548447.5,0
2531301.25,2557727.25,2
2533695,2540068.25,2
2535836.25,2539354.5,2
2537921.25,2547238.75,2
2540265.75,2556104.75,2
2542120,2542232.25,2
2542524.25,2551825.5,2
2544033.75,2545813,2
2551603,2563139.25,2
2551603,2578614.5,2
2564564.5,2583035,2
2566233,2571133.75,2
2571637.75,2713887.5,0
2572125.25,2589737.5,2
2578688.75,2789665.75,0
2579710.5,2619966.75,2
2587514.25,2592985,2
2588519.25,2595262.75,2
2593473.75,2606257,2
2606962,2617326.25,2
2608541.75,2618877.5,2
2608914,2632686.75,2
2611510,2624161.75,2
2613703,2614107.75,0
2614840,2625037.5,2
2615249.25,2637230,2
2615249.25,2636531.25,2
2615944.25,2640884,2
2617790,2620407.5,2
2618676.5,2641565.5,2
2630239.25,2682560,0
2632162.75,2737456.25,0
2636270.75,2803131.75,0
2645488.75,2669306.25,2
2652951.75,3134721,0
2657050.25,2661914.75,2
2657921.75,2662831.5,2
2660455,2799232.25,0
2664139.5,2733435.25,0
2666371.5,2716620.75,2
2667001.5,2668785.5,2
2667176.5,3902036.5,0
2670571.25,2674063.75,2
2673078.25,2704061.75,2
2673583.75,2700245.25,2
2681130,2727469.25,2
2682731.25,2695632.25,2
2683368.25,2694919.75,2
2684099.75,2686323.5,2
2686952.75,2693260.75,2
2695323.5,2695855.5,2
2697969.5,2699786.25,2
2699041.25,2758041.5,0
2707368,2721131,2
2719144.25,2754258.75,2
2722875,2728046,0
2725700.75,2786627,2
2726632,3689679.75,0
2734379.5,2745761.5,2
2738442.5,2811479,0
2741668.25,2799302.5,0
2749019.75,2774162,2
2750538.25,2781765.25,2
2751651.25,2773340.25,0
2753575.25,2786765.5,0
2755578.5,2776006.5,2
2755628.5,2763456,2
2755731.5,2786627,2
2758437.25,2772091.75,2
2770092.75,2775023.5,0
2778510.25,2782474.25,2
2782330.5,2782390.25,2
2782540.5,2800654.75,2
2785222,2786374,2
2785797.5,2787811.75,2
2795774.25,2807866.5,2
2813581.5,2860653.25,2
2817117,2821450.5,2
2818500,2859697,2
2821264,3399319,2
2825310.5,2856438.75,2
2827757.5,2848149.5,2
2827794,2839985.5,2
2827794,2837762.25,2
2831814.75,2832761.5,2
2834740.75,2845001.75,2
2839121.75,2862094.5,2
2839556.75,2858921,2
2841608.75,2856816.5,2
2847779.75,2991048.75,0
2853558.5,2853859,2
2857228.75,2858248.75,2
2863186.75,3050081.25,0
2863194.5,2864633.25,2
2864644.75,2991634,0
2865063.25,2867014.25,2
2865402.5,2879594.25,2
2869378,3182320.75,0
2870460,2878149.75,2
2874415.25,2910376.25,2
2874415.25,2880088.5,2
2875391.5,2889020.25,2
2877935.25,2926335.75,0
2882154.5,2895314.75,2
2887330.25,2891324.75,2
2887600.5,2897335,2
2896925,2940376,2
2898759,2906583,2
2901244.5,2924867.25,2
2901470.75,2955552.5,0
2902059.25,2913930.75,2
2903499.5,2913885.25,2
2905833.75,2923908,2
2916315.5,2928613.25,2
2918275.25,2952277.5,2
2919475.75,2949474.25,2
2924346.75,2935328.75,2
2929835.25,3298991.5,0
2931818.5,3907005.75,0
2932667.25,2937556.75,2
2934435,2936430.25,2
2939598,2960028.75,2
2941301.5,2948510.5,2
2943599.75,2948635,2
2948959.5,2968926.25,2
2951548,2975918,2
2953395.5,2966279.5,2
2954024.75,2975412,2
2954024.75,2961044.25,2
2958506,2966922.75,2
2959914.75,2961656.25,2
2969409,2995025.5,2
2969409,3006247.25,2
2971528.5,2986572,2
2977667.75,2987710.25,2
2991168.5,3012473.25,2
2992099.75,3028128,2
2995755,3019501.25,2
2996613.25,3003396.5,2
2997927,3370080,2
3001397.75,3110578,2
3003133,3011143.5,2
3011309.5,3027366,2
3014529.75,3042578,2
3015544.5,3027707.75,2
3015687.75,3046788.5,2
3016243,3037866.25,2
3020416,3044903.75,2
3022198,3026830,2
3025065,3060935.5,2
3028415.25,3045676.25,2
3038086.75,3046143.75,2
3039415.25,3044777.5,2
3042686,3047729.75,2
3052381,3054999.25,2
3055150.25,3069283.75,2
3055581.5,3405051,2
3055917.25,3084335.5,2
3055937.5,3068570.5,0
3056662.75,3060874.25,0
3056817.25,3087822.75,2
3059970.5,3103786.5,2
3062258,3068309.75,2
3066636.75,3096893.75,2
3067670,3087309,2
3071583.25,3076000.5,2
3073191.75,3092854.5,2
3075657.75,3095693.25,2
3075698.75,3287350.75,0
3076920.25,3119529.5,0
3082364,3082427.75,2
3087248.75,3099785.5,2
3091897.25,3093920.5,2
3093736.5,3121050,2
3095426,3104805.25,2
3099018.25,3125294.5,2
3099801.25,3122539,2
3105676.75,3120971.75,2
3106957.75,3111821.5,2
3116372.25,3130054.75,2
3117075.75,3146624,2
3117883.75,3266344.5,2
3119275,3141163.5,2
3119348.75,3126614,2
3123153,3153658.75,2
3124004.75,3133214.75,2
3125563.75,3138653.75,2
3127169,3169693.5,2
3128504.75,3153717.25,2
3131012,3255345.25,0
3132208.25,3145427.25,2
3138386.75,3160048.75,2
3138604.75,3150754,2
3148948.25,3163209.5,2
3151863.75,3179598.75,2
3154127.75,3155246.25,2
3154779.25,3170797.5,2
3156072.5,3185986,2
3156931.25,3290312.25,0
3158136.5,3184978.75,2
3169073.5,3182073,2
3175500.75,3179549,2
3176309.5,3217226.5,2
3177911,3178003.25,2
3178045.25,3188811.5,2
3180314.5,3199774.25,2
3181856,3743634.5,0
3182111.5,3199918.25,2
3190307.75,3226487.5,2
3192249.25,3208976,2
3197078.75,3215786.75,2
3198590.75,3211298.75,2
3203763.75,3218565.25,2
3209036.75,3243546.25,2
3215835,3236210.25,2
3218136.5,3240914,2
3218247.75,3226016.25,2
3223280.75,3243781.75,2
3224472.25,3810793,0
3227477.75,3252771.5,2
3228704.5,3237695.75,2
3233624.5,3314437.25,0
3240850.25,3278040.5,2
3245141.25,3255300,2
3245141.25,3272730.25,2
3248231,3263785.75,2
3250619.75,3250731.75,2
3255013,3296008.5,2
3258430.25,3263908,2
3260321.25,3273609,2
3260790.75,3281214.75,2
3261265.5,3275913.75,2
3266633.75,3287721.5,2
3270060.5,3313363.25,2
3273480.5,3630007.25,2
3273809.75,3284206,2
3273850.75,3289749,2
3273923,3335671.25,0
3276502.5,3292957.5,0
3276963.25,3318798,2
3277368.5,3287218,2
3277634.75,3292092.75,2
3290413.75,3297132.75,2
3297292.75,3329410.75,2
3298792,3318954.5,2
3303991,3314735.25,2
3309800.5,3325779,2
3310014.5,3439600,2
3311671.5,4410850,0
3311957.25,3346256.75,2
3312081.25,3340043.5,2
3320740.75,3350521.25,2
3320882.25,3325810,2
3324326,3328293.25,2
3326181,3350182.25,2
3326389,3342481.75,2
3327124.25,3590477.25,0
3330885.5,3336865.75,2
3334354.5,3344996.5,2
3334586.75,3377237,2
3334662.5,3341274,2
3337140.75,3360664.25,2
3339351.5,3344976.25,2
3339422.25,3352568.25,2
3348066.25,3355658.25,2
3348185.25,3350659.75,2
3348652.75,3397316,2
3352338,3374736.25,2
3354055.25,3391340.25,2
3356781.5,3360759,2
3359377.5,3371466.25,0
3360227,3368882.5,2
3368781.25,3413021.5,0
3369520.25,3369833.75,0
3370311,3455532.75,0
3370606.75,3453767.75,0
3370640.5,3636760.25,0
3372089.75,3374763.5,2
3372402.75,3393142.75,2
3373720.75,3559325.75,0
3374212.25,3550310.75,0
3375176.75,3494059.25,0
3376377.25,3383939.25,2
3376658.25,3387471.25,2
3377489.25,3378620,2
3379842.25,3380755.5,0
3380132.25,3407388.5,2
3380697.25,3460716.25,0
3382910.75,3384137.75,2
3383655,3442496.25,2
3383655,3436832.75,2
3389826.5,3414598.5,2
3392536.25,3402705.75,2
3396514.25,3411308.75,2
3399140.25,3415421.25,2
3402909,3427979,2
3405212.5,3418750.75,2
3407178,3434812,2
3415522.5,3867875.75,0
3416685.5,3441768.75,2
3416859.5,3423524.75,2
3422597.75,3448580.75,2
3423145.5,3425570,2
3433314.5,3454065.75,2
3437667.5,3535132,0
3439545.75,3472038.75,2
3440377.75,3453128.25,2
3442359.5,3908969.5,0
3442394.5,3442589.5,2
3443823.25,3473364.25,2
3445149.25,3446121.75,2
3448024.5,3480818.5,2
3448542.75,3505974,2
3456313.25,3770843.5,0
3460502.75,3478087.25,2
3464970,3511669.75,2
3465350.5,3470755.5,2
3470787.25,4295636,0
3473185.5,3504155.75,2
3475633,3491544,2
3478072.5,3497998.5,2
3478320.5,3499012.5,2
3485900,3496717,2
3486282,3488268,2
3487545.5,3500320.5,2
3488114.75,3490171.75,2
3489487.25,3526801.75,2
3489553.25,3498462.75,2
3493469.75,3498783.5,2
3494095.25,3507882.75,2
3500384.5,3514598.75,2
3501683,3552886.75,2
3505728.5,3751018.25,0
3507835.75,3536578.25,2
3508491.75,3531729.5,2
3516311,3516404.75,2
3519011.25,3642766.5,0
3522053.25,3550721.75,2
3523526,3534862,2
3526057.25,3544226.75,2
3526569.75,3539506.25,2
3527642,3529958,2
3530003.25,3568429,2
3530704.5,3603340,2
3530853,4093051.25,2
3532876,3550514.75,2
3533316.25,3549315.5,2
3539777.5,3599658.75,0
3541120.75,3563229.25,2
3542667.25,3559997.75,2
3549733.25,3553064.5,2
3555320.25,4276167,0
3558988,3589939,2
3559261.75,3568428.5,0
3560574.25,3563804.25,2
3563175.5,3638907.75,0
3563539.25,3575403.5,2
3563963.5,3597718,2
3564230.5,3579248.75,2
3567772.5,3661982.5,0
3569894.75,3598576.75,2
3576456.5,3604525.25,2
3579791,3590619.25,2
3580051.5,3592164.25,2
3580200,4020848.25,0
3586532.75,3596857.25,0
3589013.25,3619268,0
3591018,3620514,2
3591385,3982152,0
3595112.75,3614927.5,2
3602001,3608795.5,2
3603461,3677526.25,0
3604258.25,3628373.5,2
3607942.75,3618793.75,0
3610773,3617251.5,2
3611518,3640523.5,2
3612254.75,3649427.5,2
3614653.25,3644757.5,0
3615217.5,3653595,2
3621204,3629643.5,2
3623955.25,3655907.5,2
3631141.5,3654100.5,2
3631647.75,3649587.5,2
3633145.5,3635701.5,2
3639304,3685398.75,0
3640420.75,4271565,0
3641409.75,3642916,2
3641845,3671725.5,2
3642632.25,3662822.5,2
3642996.75,3653726.25,2
3648216.75,3659679.25,2
3652095.5,3667304,0
3652502.25,3666780.75,2
3652771,3689731.5,2
3654668.5,3724898.75,2
3654668.5,3700242.75,2
3654902.75,3668903.25,2
3655434,4004425.25,0
3657989,3664671.5,2
3664714.75,3705812.5,2
3666449.5,3672423.5,0
3666798,3707594.5,0
3671578.75,3674348.75,2
3675143,3683248.5,2
3676849.25,3677477.75,0
3678787.25,3974450.25,0
3679058.5,3714356,0
3682633.25,3706667.5,2
3682837.5,3707637.25,2
3684117.25,3697924.25,0
3684792.5,3916470.5,0
3684807.75,3686266.25,2
3687547.75,3690919.5,2
3687990.25,3957267.75,0
3697528.25,3723951,2
3697608.25,3725176,2
3714075,3738675.5,2
3716360.75,3740672.75,2
3724388,3738704,2
3727869.75,3746975.75,2
3727869.75,3765647.5,2
3736269.5,3755884.75,2
3736394,3747143.5,2
3738353.75,3778703.75,2
3739742.5,3744305.5,2
3739810.25,3778594.25,2
3742661,3765371.75,2
3743931.5,3773991.5,2
3747352.5,3862608,0
3750722.75,3772492.25,2
3751216,3760541.75,2
3751786.75,4005880.25,0
3758109.5,4253513,0
3760572,3809503.75,2
3767585.25,3778397.25,2
3769533,4309705.5,0
3769616.75,3838842,0
3769795.75,3786838,2
3772578.25,3857983.75,0
3776774.75,4329862.5,0
3778153.75,3815005.25,2
3779779,3794948.5,0
3780886.25,3781080,0
3783800.75,3806250,2
3786585,3808083.5,2
3787093.75,3929729.5,2
3787173.25,3835269.75,2
3788106.5,3791764,0
3791291,3795496.75,2
3796311,3929334.5,0
3799721.25,3800175.5,2
3805750.25,3806902,0
3807592,3812071.25,2
3808302,3817187,0
3818510.75,4001601.25,0
3820037.75,3822669.75,2
3821144,3862245.25,2
3823316,3859233,2
3823891,3832138.5,2
3828458.25,4530957,0
3833459.5,3834533,2
3836329,3852694.5,2
3837197,3878898,2
3846602.5,3848041.75,2
3849745.25,3881140.5,2
3850366.25,3854415,2
3850468,3885978.75,2
3854468.5,3856912.25,2
3855047,3886553.5,2
3857157.75,3861309.75,2
3859591.5,3864915.75,2
3864146.5,3888977.75,2
3867932,4065523,2
3871479.25,3903444,2
3876446.5,3924312,2
3877560.5,3895360.75,0
3877781.75,3906318.25,0
3878000.5,3880188.75,2
3880824,3925650.75,2
3883182.25,4053536.25,0
3887037,4615167,0
3897578.5,3898211,0
3898917.5,3910312.25,2
3902708.75,3911809.25,2
3904520.25,4150025.25,0
3905817,3929343.25,2
3910426.5,3917496.5,2
3911188.75,3966892.25,2
3911188.75,3959136,2
3912740.5,4029458.5,0
3914054.5,4347523,0
3916423.75,3964854.5,2
3916770.5,3921791.75,2
3917539.75,4092548.75,0
3920049.5,3953466.5,2
3921256.5,4318099.5,0
3921854,3925310.75,2
3925028.25,4623397.5,0
3927221.75,3955476.75,2
3929851.5,4344238,0
3933151.75,3947497.25,2
3933364.5,3949608.5,2
3940399.75,4155918.75,0
3946538.5,4047785.5,2
3948176.25,3948492.5,2
3951811.75,3964922.25,2
3953804.5,3957874.75,2
3957825.5,3983944,0
3960056.75,4212609,0
3970964.75,3996830.25,2
3972592.5,4795173,0
3973604,4003170,2
3977509.75,3982460.75,2
3979565.5,4057490,0
3979922,3982609.5,2
3981505.5,4011846,2
3988094,4247557,0
3992840.5,3993725,2
3994537,4021797.25,2
3996495.25,4306688,0
3996974.75,4006251,2
3999873,4019636,0
4000226.5,4009651,2
4000403,4009276,2
4002042.5,4224713,0
4004995.5,4047151.75,2
4005005.5,4339510,0
4012569.25,4053526.25,2
4016758,4107648.25,0
4018318,4052458,0
4025078.25,4040993.75,2
4025599.25,4040612.25,2
4029102.5,4031849.25,2
4029703.25,4105940.75,0
4029857,4070148.75,2
4031861,4329862.5,0
4032334.75,4038820.25,2
4032353.25,4037079.75,2
4042113,4063264.25,2
4044222.75,4246186,0
4051958,4109268.25,0
4057430,4111432.25,2
4068801.5,4298190,0
4068805.5,4072040.75,0
4082467.5,4100012.25,2
4086199,4256009.5,0
4088855,4092253.5,2
4091170.25,4133730.75,2
4093174,4098745.25,2
4093188.75,4098590,2
4094975,4105001,2
4096345.75,4133436.5,0
4098579.75,4935930,0
4099459.5,4125600,2
4101653.75,4500220.5,0
4108364.75,4162316.75,2
4108974,4232228,0
4116688,4128856.5,2
4120092,4133944.25,2
4124903,4630789.5,0
4125511.5,4164151.5,2
4131234.25,4182554.75,2
4132929,4411721,0
4133908,4136147.5,2
4136211.25,4228523.5,0
4137029.25,4328096,2
4138481.75,4215562,0
4147061.5,4164240.5,2
4147509.5,4148327.75,0
4148506,4198011.5,2
4160483.75,4774135.5,0
4163328.75,4211710,2
4167910,4495247.5,0
4179797,4189091.25,2
4181969.5,4212002,2
4182707.5,4362888.5,0
4184973.5,4200135.5,2
4192412.5,4200670,0
4195688.5,4389890,0
4199860,4230532.5,2
4207480.5,4240210.5,2
4209555.5,4209722.5,2
4216421,4742000,0
4218164,4223443,2
4223475.5,4292318,0
4223545.5,4462418.5,0
4232759.5,4237700.5,2
4233447,4735149,0
4235694.5,4280443,2
4236782,4568270,2
4238068,4571920.5,0
4238434.5,4294383.5,2
4239280.5,4239534.5,2
4243856,4264155,2
4243997.5,4249293,2
4244543,4247536,2
4251734.5,4284039.5,2
4251880,4344531.5,0
4258479,4348214.5,0
4262333.5,4290023.5,2
4264832.5,4279020.5,2
4270294.5,4678110,0
4271812.5,4284140.5,2
4272050.5,4318712.5,0
4273658.5,4588118,0
4276476,4297758,2
4288476.5,4313620.5,2
4301340,4988404.5,0
4301680,4355541,0
4321507.5,4495771.5,0
4327371,4344571.5,2
4331252,4341414,2
4338917,4344071,2
4343715,4376913,2
4347420,4356555,2
4347420,4362078.5,2
4350290,4358899.5,2
4350431,4353662.5,2
4362269.5,4380691,2
4368007,4371865.5,2
4369004,4537540,2
4378086.5,4397782.5,2
4390723.5,4417053.5,2
4398546,4594650,0
4404797,4412500.5,2
4405349,4433032,2
4412813.5,4692731.5,0
4419120,4465684.5,2
4419599,4430840.5,2
4430954,4453405,2
4431110.5,4439734.5,2
4435337.5,4446345,2
4437844.5,4475778.5,2
4437892,4439104,2
4442046.5,4456057,2
4442805,4453414,2
4442808,4497542,2
4452102.5,4457304.5,0
4459617.5,4464612.5,0
4460891.5,4484650,0
4464677.5,4657938,0
4464733,4478130.5,2
4465514,4475215,2
4477521,4477705.5,2
4481629.5,4518225.5,2
4483190.5,5163810,0
4486329.5,4509523,2
4492645.5,4513479.5,0
4501747,4522382,0
4506177.5,4535727.5,2
4507572.5,4514368,2
4508782.5,4526730.5,0
4515458.5,5113295.5,0
4516561.5,4517301.5,2
4519134,4525237.5,2
4520237,4567325,2
4528128.5,4563833,2
4531142,4535144.5,2
4533319,4589989.5,2
4533608,4573733.5,2
4537207.5,4569908.5,2
4537884,4560327.5,2
4541113,4572842.5,2
4541135,4549964.5,2
4561598,4825592.5,0
4562539.5,4867739,2
4563451.5,4571542.5,0
4563578,4567767.5,2
4565420,4600170,2
4567346,4694349.5,0
4567558.5,4712317,2
4587944,4614903.5,2
4594436,4594474.5,2
4596018,4614908.5,2
4604656.5,4634949.5,2
4606754,4643231.5,2
4613408.5,4635264,2
4621002.5,4636659,2
4621627,4664988.5,2
4628406,4665973,2
4635646,4646697.5,2
4640528.5,4885156.5,2
4640643.5,4649512,2
4641422,4737693,2
4642078,4653247.5,2
4642580.5,4666620.5,2
4645136,4661224,2
4648447.5,4657992,2
4651402.5,4654459,2
4669409,4719038,2
4671535.5,4680794.5,2
4681957,4684029.5,2
4683331,4691737,0
4689019,4774497.5,0
4692513,4743360,2
4692513,4714939,2
4693993,4712939.5,0
4699983,4751705.5,2
4700350.5,4728995,2
4712044.5,4756388,2
4716488.5,4735767.5,2
4717879.5,4729853,2
4734221,4739272,2
4737438,4738355.5,2
4739051,4801966.5,2
4750271.5,4779202,2
4755066,4805177.5,0
4755156.5,4784042,2
4758795.5,4793352.5,2
4759736,4784443,2
4760011,4791626.5,2
4762286,4777923,2
4767839,4792301.5,2
4801428,4848942,2
4804975.5,4838431.5,2
4814482,4898522.5,0
4824542,4836513.5,2
4834221,4853918,2
4835252.5,4885492.5,2
4837991.5,4876672.5,2
4851849.5,4856235.5,2
4853896,4854070,2
4858276.5,4860331.5,2
4858529,5079397,0
4859483.5,4892194,2
4866533.5,4878476,2
4877124.5,4887608,2
4885908.5,5049905,2
4887992,5016162.5,0
4888328.5,4899214,2
4892967.5,4944534,2
4895462,5187842,2
4897850.5,4926474.5,2
4908493,4926634,2
4917356,4948937,0
4923633.5,4935651.5,2
4935733,5016954.5,2
4937839,4941408.5,2
4938165.5,4978931,2
4953900,4959258,2
4962508.5,4978418.5,2
4964597.5,4971533,2
4967742.5,4971468,2
4968937,4974480,2
4968954,4973179.5,2
4972831.5,5002616,2
4975322,5002183,2
4980969,5072746.5,2
4986910.5,5010041.5,2
4992121.5,5148571,2
4996039.5,5033901,2
5013604.5,5035096,2
5014379,5031162,2
5018973,5232461.5,2
5024754,5039044,2
5025825.5,5036833.5,2
5026130.5,5027367,2
5038924.5,5061460.5,2
5041096,5053009.5,2
5051691.5,5066880,2
5059554.5,5068011.5,2
5064687.5,5197150,0
5069559.5,5107831,2
5072636,5106163.5,2
5072864,5088615.5,2
5073309.5,5103064.5,2
5074063,5094379.5,2
5077264.5,5135103,2
5088894,5103219,2
5089947.5,5090494,2
5096586,5103219,0
5109956,5385333.5,2
5125711.5,5383390,2
5130469.5,5178013.5,2
5137105.5,5171889.5,2
5140924,5188013.5,0
5145226.5,5207615.5,2
5156199,5734761.5,2
5164044,5185089.5,2
5178400,5185965,0
5178411,5185439.5,2
5179203.5,5182066,2
5181645,7065301,2
5187885.5,5226359,2
5193315,5465318,2
5199921.5,5226183,2
5219065,5250764,2
5220905.5,5235795.5,2
5222747.5,5257274.5,2
5224149,5277446,2
5224986.5,5266463.5,2
5229315,5242161,2
5241431.5,6661987,2
5242675.5,5258283,2
5249718.5,5251564,2
5265123,5298401,2
5299783.5,5310852,2
5302042.5,5308356.5,2
5303269.5,5463738,2
5317428,5733271.5,2
5321350.5,5346740,2
5323306.5,5330449.5,2
5349959,6097776.5,0
5350621.5,5367664,2
5361598,5430968.5,2
5366073,5735218,2
5368117,5375744,2
5376413,5385868.5,2
5379741,5429369,0
5387680,5712094.5,0
5392730.5,5423597,2
5396161,5514733.5,2
5404460.5,5421685.5,2
5410852.5,5500909.5,0
5422514.5,5504876,2
5428702.5,5439575.5,2
5458084,5539596.5,2
5476454.5,5482364,2
5503613,5567132.5,0
5516756.5,5556216,0
5531062.5,5552846,2
5541908.5,5733067,2
5550122.5,5565044.5,2
5569632,5627662.5,0
5580375,5608851.5,2
5580425.5,5619958.5,2
5595187,5668905.5,2
5611218.5,5752701.5,2
5621855.5,5698303,0
5632323.5,5846086.5,0
5657959,5740580.5,0
5662271,5737856.5,0
5683159.5,6793194.5,2
5688516,5707566.5,2
5713360,5889193,2
5737362,5870044,2
5752383.5,5753580,2
5758552,5761312,2
5771821.5,5785165,2
5773304.5,5781639,0
5853472,5920723,0
5857541.5,5869626.5,0
5901110,5988069.5,2
5906896,6345273,2
5939043.5,6509087.5,2
5950782.5,6088882.5,0
5988951,6035961,0
6013123.5,6057676,2
6023451,6033418.5,2
6023955,6036605,0
6025963,6556521.5,2
6062132.5,6275028,0
6078923,6127307,2
6079667.5,6465297.5,2
6095387,6123273.5,0
6104530,6135382.5,0
6105436,6118318.5,0
6118670,6478772.5,0
6123042.5,7037968,0
6155856,6381619.5,2
6158742,6212816,0
6158955.5,6173277.5,2
6165774,6175452.5,0
6171778.5,6342019.5,0
6185076,6218655.5,0
6205697,10431965,2
6207895,6227584.5,2
6219032.5,6751138.5,2
6220074,6322014,2
6225775,6872732,2
6231398,6483124,2
6232270,6431100,2
6250008,6540991,2
6253090,6427867.5,2
6346043.5,6512032,2
6356129.5,6429032.5,0
6372416.5,6400568.5,2
6377959.5,6441703,2
6419028,6792323,2
6431453,6713236,2
6461582,7098439.5,2
6517890,6521426.5,2
6556139,6598622,2
6556139,6620112,2
6617585.5,7209044,2
6635084.5,6794471,2
6651912.5,12290143,2
6661144,6704155,2
6661518.5,8062567.5,2
6671113.5,7557093,2
6675237,6712544,2
6689086.5,6747415,2
6733070.5,6734873,2
6754897.5,6770437.5,2
6756480.5,6836001.5,2
6757632.5,6762845,2
6768993.5,6845921.5,2
6793766,6819919,2
6794704.5,9778413,2
6823806,6839537.5,2
6844193.5,6917968.5,2
6855402,7016643.5,2
6861632.5,6947510.5,2
6868241.5,6976116.5,2
6872821,6917935,2
6892802,6894774,2
6895084,6919181,2
6922252.5,6952016.5,2
6934202.5,6936184,2
6949902,6966007.5,2
6949987.5,6952032.5,2
6962141.5,8129345.5,2
6964442.5,6991360.5,2
7079173,7700433,2
7100321,7345359.5,2
7149124,8311239,2
7155695.5,7891960,0
7165532.5,7432372.5,2
7166810.5,7232618.5,2
7189029.5,7200694.5,2
7196007.5,7212099.5,2
7200681,7422729,2
7206945,7348597.5,2
7209124.5,7226696,2
7234510.5,7731080.5,2
7264630.5,8158466,2
7267487.5,7276701,2
7276989.5,7808719,2
7284696.5,8092798.5,2
7295757,7508781,2
7330826.5,7367754.5,2
7335308,7410760,2
7336492,7461557,2
7344389,7618668,2
7362275.5,7578504,2
7363186.5,8248588.5,0
7381824,7476390,2
7399634,7402272,2
7441722,7582589,2
7472159,7895729,2
7501193,7855662,2
7521145,7540410.5,2
7541246,7652249,2
7551494,7629093,2
7559294,7582493,2
7593183,7714661.5,2
7599706.5,10541298,2
7601337.5,7653009,2
7634014.5,7714869,2
7634517.5,8039518.5,2
7640203,7899272.5,0
7651514,7665455,2
7684859,7749898.5,2
7721213,7763925,2
7748382.5,7835421.5,2
7784891,7789258,2
7792518,8025673,2
7813253.5,8158243,2
7816819,7829637,0
7820590,7857514.5,2
7848445,7868996.5,0
7862534,7873835.5,0
7868903.5,8005462,2
7899450.5,8106665,2
7911902,8159574.5,2
7919026,7944487.5,2
7932700,8016259,2
7947787,8067905.5,2
7952251.5,8017499.5,2
7953405.5,8103262,2
7967390,7971874.5,2
7997905.5,8026232,2
8000719,8111881,0
8011653.5,8267244.5,0
8011960,8093006.5,2
8030609,8452075,2
8034795,8093263.5,2
8045355,8059617,2
8052616,8054960.5,2
8058683.5,8384402.5,0
8061360,8119003,2
8115271.5,8158471,2
8118700,8504962,2
8137522,8188790,2
8146919,8731988,2
8179676,8275342,2
8194512.5,8587042,2
8195378.5,8211176.5,2
8203318,8207087.5,2
8228333,15331412,2
8234400,8447234,2
8338135,8376779.5,2
8363431,8391446,2
8426284,8495411,0
8457724,9332375,2
8513783,9360130,2
8521689,8872343,2
8563456,8861355,0
8589475,8599010,2
8613792,8794964,2
8677357,8706862,2
8680771,8881225,2
8686910,8843423,2
8696848,9515087,2
8739282,8763816,2
8744813,10084938,2
8780479,8832071,2
8819411,9500491,0
8832191,9297957,2
8910821,9087106,2
8933306,9089291,2
8946226,9000735,0
8976368,9416941,2
8995207,9214051,2
9028470,9678432,2
9038709,9246609,2
9041728,9153651,0
9060855,9272925,2
9061174,9339404,2
9064676,9079229,2
9066702,9102563,2
9068674,9080033,2
9093650,9095600,2
9152449,9446723,2
9226256,9426653,2
9236572,9337274,2
9259788,9277406,2
9299968,10186748,2
9332118,9355744,2
9452567,9706015,0
9484217,9557817,2
9497188,9514231,2
9524879,9595447,2
9603484,13643286,2
9641582,10373681,2
9646208,10830092,2
9649027,11895995,2
9669196,10024619,0
9772259,9849333,0
9856918,10498905,2
9867075,10039383,2
9922875,10501592,2
9929190,11483797,2
10017754,10121432,2
10028455,10360552,2
10067521,10531054,2
10071839,10309607,2
10106676,10109461,2
10130025,10889640,2
10138087,10370656,2
10226868,10449016,2
10233596,10256190,2
10240271,11543879,2
10241237,10802255,2
10263618,11119561,2
10279380,10454237,2
10290727,10519823,2
10318565,10324885,2
10331723,10691167,2
10364153,10393176,2
10372153,10814490,2
10457463,10634358,2
10464743,10586048,2
10464743,10613959,2
10479173,10578161,2
10479736,10702003,2
10481217,10655908,2
10519821,10774438,2
10547880,10668535,2
10560343,10645415,2
10560735,10709495,2
10597196,10917974,2
10607657,10851883,2
10610068,21501236,0
10615075,10876942,2
10643206,10690481,2
10662782,10715701,2
10675592,11420108,2
10688479,12586115,0
10691198,10748230,2
10740103,10760802,2
10760067,10934215,2
10803204,10861193,2
10830270,11638981,2
10911073,11035296,2
10936758,11007576,2
10982901,11192416,2
11012320,11329360,2
11022576,11113046,2
11023031,11030573,2
11025270,11123208,2
11125252,11272645,2
11158021,11399648,2
11200158,11367096,2
11224198,11250478,2
11245164,11896277,2
11298191,11407410,2
11324346,11381617,2
11374657,11532535,2
11423222,11856065,2
11428204,11459076,2
11433746,11547611,2
11585873,11889246,2
11601436,11898440,2
11693360,11864226,2
11742655,11773622,2
11743216,11926483,2
11747044,11790734,2
11748909,11891576,2
11754676,11816559,2
11784460,11942336,2
11804112,11984165,2
11809024,11881520,2
11811495,12724226,2
11825533,11926434,2
11847121,11862208,2
11858607,13062732,2
11892060,12186546,2
11904306,11908209,2
11914462,12013349,2
11916898,12028638,2
11944911,11986437,2
12036105,12632150,2
12041448,12243664,2
12112548,12168808,2
12138052,12162214,2
12195117,12631990,2
12219762,12288319,2
12228880,12780426,0
12237943,12294430,2
12264632,12445362,2
12302336,12384120,2
12303212,12315121,2
12327021,13420306,2
12327677,12484768,2
12339171,12681856,0
12357769,12372110,2
12388080,14622030,2
12388961,12475896,2
12424110,12575189,2
12460640,12767671,2
12476228,14040058,2
12483612,13649659,2
12504508,12592259,2
12537286,13088354,2
12616317,14645186,2
12678176,14311719,2
12778484,12792073,2
12790962,13004115,2
12796171,18265580,2
12809089,12939867,2
12815767,14582896,0
12882860,14665140,2
12911178,13201751,2
12921702,14505072,2
12955467,13700460,2
12956722,14609016,2
13084269,13169997,2
13100376,13795845,2
13133463,15092742,2
13171990,14307224,2
13191564,15212495,0
13280987,13650217,2
13288139,14491248,2
13310037,13952956,2
13326932,13565346,2
13330747,13350136,2
13341946,13770613,2
13351773,14320646,2
13359448,13389921,2
13368592,13373368,2
13376298,13387380,2
13396378,13534871,2
13397270,13894292,2
13401293,13842974,2
13414739,14272118,2
13421184,13433076,2
13435897,14086730,2
13437909,15269390,2
13463115,13513609,2
13467432,13560875,2
13518652,13627793,0
13521871,22251810,2
13521903,13665499,2
13523063,13631074,2
13528739,15308589,2
13530675,14038679,2
13534136,15191916,2
13552298,13563202,2
13575449,13885971,2
13587996,13595152,2
13591333,13594442,2
13593135,13787706,2
13594024,15202914,2
13630866,13728127,2
13632836,13757870,2
13634910,13780009,2
13651483,13806841,2
13667143,13732401,2
13669682,15700197,2
13690926,14432078,2
13743822,14381254,2
13749083,13812456,2
13758043,14463248,2
13766929,16902692,2
13775885,14160655,2
13797841,13853769,2
13831086,15341055,2
13833865,15090631,2
13842831,14241415,2
13855096,14045917,2
13872790,14159441,2
13895964,14673596,2
13905903,16191716,2
13914668,14239785,2
13938029,13997929,2
13938286,14512975,2
13942115,14177650,2
13943118,15536159,2
13947420,14043699,2
13982221,14187163,2
13988392,14019761,2
13990294,14043637,2
13997040,14217554,2
14000995,15750912,2
14010539,14200812,2
14013760,14232087,2
14029342,14589357,2
14034515,14559873,2
14041136,14069379,2
14047240,14153331,2
14054503,14223056,2
14055017,14695327,2
14061711,14406677,2
14061862,14599772,2
14076548,16254284,2
14080424,14501470,2
14099311,14117552,2
14119384,14903865,2
14122137,15399617,2
14141595,14419265,2
14142760,16020939,0
14177904,17663620,0
14180651,14261116,2
14194867,14652144,2
14200328,14342616,2
14211650,14273981,2
14242204,14914311,2
14260293,14780412,2
14280999,14500380,2
14283770,14535720,2
14291871,15018530,2
14310011,14735492,2
14316780,14579194,2
14326871,14879195,2
14326871,14933082,2
14340482,14431559,2
14355085,14553088,2
14361431,14808263,2
14361615,14904724,2
14372927,14721700,2
14373127,14455838,2
14373128,14555843,2
14379583,14919591,2
14383580,14427904,2
14388605,14576945,2
14397278,14799554,2
14400241,14473029,2
14432673,14488706,2
14448506,14672590,2
14458286,14692701,2
14465094,15062144,2
14465094,15041521,2
14466437,14577087,2
14486355,14657065,2
14491619,14700587,2
14492094,15034327,2
14495336,14527196,2
14508004,15010474,2
14511788,15056054,2
14521890,14571341,2
14524749,14705131,2
14526485,14680962,2
14526485,14665261,2
14529425,14653827,2
14550691,14766352,2
14579548,15173945,2
14582355,15063565,2
14583977,15009826,2
14593667,14947775,2
14605486,14998829,2
14624578,14750723,2
14632401,15034004,2
14652853,14899062,2
14667238,14762178,2
14671356,14752801,2
14671818,14674398,2
14672986,14673157,2
14679569,14718308,2
14692150,15147923,2
14703760,15002032,2
14711068,14714797,2
14715170,14901671,2
14716763,14756728,2
14720596,15035764,2
14723270,14770411,2
14726226,15213671,2
14726226,15051247,2
14726998,15161303,2
14742276,15177516,2
14747371,15019132,2
14754229,16692983,0
14756223,15429002,2
14759636,15023536,2
14761286,14836327,2
14771392,14800663,2
14782533,15100034,2
14783269,15213614,2
14799789,15041242,2
14810659,15385208,2
14817811,15424403,2
14820175,15094664,2
14831253,15535108,2
14841510,15516977,2
14851125,15151188,2
14867694,14870574,2
14870355,14934735,2
14876389,15263964,2
14900730,15055847,2
14924466,15009849,2
14927281,14990566,2
14940637,15270543,2
14945053,15073635,2
14973236,15236057,2
14981800,15171637,2
14999728,15015322,2
15000468,15001631,2
15001220,15411987,2
15002457,15374809,2
15003823,15627268,2
15023183,15392485,2
15034940,15165825,2
15046469,15063931,2
15048360,15111149,2
15067052,15136268,2
15074826,15508697,2
15080098,18205268,0
15081754,15566567,2
15083388,15158867,2
15098192,15515893,2
15098192,15479780,2
15099764,15215768,2
15101300,15583598,2
15121685,15249045,2
15129875,15281202,2
15132428,15417771,2
15139904,15261603,2
15157059,15288443,2
15157351,15209813,2
15162170,15370103,2
15164491,15168880,2
15184591,15339893,2
15194932,15302869,2
15201988,15302296,2
15202146,15225263,2
15203512,15250834,2
15205726,15921964,2
15215232,16116565,2
15220903,15960320,2
15226823,15292732,2
15231327,17123788,2
15247780,15300797,2
15250505,15355583,2
15268066,15920542,2
15268066,15950473,2
15309206,19119938,2
15316291,15320148,2
15319832,15332221,2
15327636,15509556,2
15406243,15796944,2
15406690,15429060,2
15451206,15637482,2
15470601,15634161,2
15481749,15649970,2
15485869,15677954,2
15497961,15500368,2
15501233,15528626,2
15501878,15634807,2
15515173,15965284,2
15522219,16735157,2
15532795,15918281,2
15535649,16328602,2
15552322,15932515,2
15569748,15811569,2
15569879,16041079,2
15602167,17000152,2
15617054,15626531,2
15620350,16119660,2
15636396,16272407,2
15646559,15942923,2
15667599,15674567,0
15687275,15706608,2
15735105,15986185,2
15749808,21604574,2
15780188,15808896,2
15785984,15853435,2
15809118,16162245,2
15815427,15837169,2
15818424,15833626,2
15828539,20332866,0
15861344,19444558,2
15880152,17187900,2
15881348,16211268,2
15893699,16175562,2
15897677,16025371,2
15930318,15980854,2
15935291,15980027,2
15942009,16634351,2
15947730,16487867,2
15948698,15954759,2
15950410,16386192,2
15950410,16327962,2
15952840,16130666,2
15971915,16344266,2
15978946,16337706,2
15981034,16196697,2
15995786,25453614,2
16007804,16075774,2
16009921,16227172,2
16016194,16434234,2
16016194,16220373,2
16023711,16024251,2
16048684,20114652,2
16064106,16243141,2
16066402,16640961,2
16068698,16197506,2
16071039,27649264,2
16085512,16304302,2
16089003,16409263,2
16130970,18180410,0
16132409,16280357,2
16142250,16509217,2
16153820,16668557,2
16188881,16205952,2
16210338,16233147,2
16220065,16332728,2
16222644,16231313,2
16224125,16266898,2
16235762,16877708,2
16262899,16363075,2
16299051,16862624,2
16302436,16312612,2
16332433,16567665,2
16336839,16348765,2
16396294,16419973,2
16396399,16425309,2
16405988,16567383,2
16416331,16439204,2
16451473,16669675,2
16477468,16842190,2
16508468,16926600,2
16549414,16559965,2
16644765,16734625,2
16662930,16890192,2
16689050,16958726,2
16712078,16916758,2
16724698,17156828,2
16728250,17123646,2
16746770,17026414,2
16793388,16824296,2
16809368,16907114,2
16855306,17238514,2
16862322,17069942,2
16867450,17001484,2
16894048,16927206,2
16923786,17025512,2
16937864,17293996,2
16990534,17040806,2
17028614,26287088,2
17028614,17293580,2
17028762,18076752,2
17050128,17245730,2
17063222,17147908,2
17079364,17855376,2
17098976,17120478,2
17125990,17363072,2
17127780,17186530,2
17153744,17185954,2
17153976,17321762,2
17228082,17309602,2
17234502,17532278,2
17235504,17364930,2
17278630,17645344,2
17286210,17346818,2
17304526,17398582,2
17327264,17432924,2
17365708,17933090,2
17370676,17642930,2
17377014,17410782,2
17387406,17660466,2
17406432,17494634,2
17427362,17481466,2
17439492,18690180,2
17443260,17646652,2
17448182,17580204,2
17549204,17735476,2
17559426,23109654,0
17567956,17947216,2
17614920,17617064,2
17615734,17721806,2
17643124,20332866,0
17652916,18152556,2
17675646,17911390,2
17684246,17690154,2
17699880,17829018,2
17701562,20642334,0
17705084,17850642,2
17710270,17811866,2
17743068,20802980,2
17750014,21214050,0
17776998,18160614,2
17788970,18137070,2
17806126,18520420,2
17824718,19896656,2
17827566,20034174,0
17840774,18024050,2
17846640,20237840,2
17877094,19423604,2
17877226,17904610,2
17883780,17941616,2
17894574,17922112,2
17901012,17956280,2
17903404,18012392,2
17912150,18040742,2
17923490,18352128,2
17924958,18244408,2
17928292,18202384,2
17933138,18135966,2
17943116,18354888,2
17943646,18292190,2
17948288,18342900,2
17955440,18037442,2
17956158,24898086,0
17960724,25731728,2
17981398,18341906,2
17998012,18304664,2
18026752,18083968,2
18035278,18312548,2
18037064,18383920,2
18040170,18310288,2
18040856,18075308,2
18054976,18143212,2
18060300,18210430,2
18060306,18087822,2
18075832,18080784,2
18081662,18265552,2
18083714,18222652,2
18126674,18192478,2
18130484,18268020,2
18136370,18286154,2
18136392,18974902,0
18136974,18249774,2
18148444,18418556,2
18150278,21477650,0
18185586,21421284,0
18187632,18218376,2
18251320,18290332,2
18254996,18359522,2
18265294,18292800,2
18282368,18339472,2
18289254,19711772,2
18291224,18554676,2
18297282,18468670,2
18307528,18371966,2
18322886,18380918,2
18367646,18461326,0
18375462,18428928,2
18376522,18482804,2
18376522,18730080,2
18406010,18514840,2
18411196,18469176,2
18424250,18926192,2
18430208,19779220,2
18436988,18637788,2
18451376,18470056,2
18463224,18507618,2
18480554,18627766,2
18481964,19237040,2
18504406,18638970,2
18534226,18938196,2
18541256,19238916,2
18594994,20501216,2
18596186,18813022,2
18600784,20087484,0
18621232,18660866,2
18622682,24530848,2
18631180,19185506,2
18641422,18688712,2
18654214,18879804,2
18660712,18738758,2
18666696,18797414,2
18692256,18734354,2
18704974,18816896,2
18708310,18816610,2
18727760,18917048,2
18736760,18770388,2
18738616,18868976,2
18740358,18921114,2
18749400,19315300,2
18754776,18757934,2
18757912,18769886,2
18790028,18859052,2
18791350,18957916,2
18803872,19011378,2
18831066,18832538,2
18835856,19698670,2
18847044,19142068,2
18856010,19061496,2
18896602,19300698,2
18897710,18935998,2
18921490,21966566,0
18925236,19066936,2
18926088,18982126,2
18961678,19023444,2
19007566,22052726,2
19018822,19157004,2
19020666,19989244,2
19053472,19567072,2
19053472,19110916,2
19063104,19148588,2
19065886,19776794,2
19078978,19895172,2
19090292,19145260,2
19099554,19282906,2
19138666,27777566,0
19148492,20000958,2
19153590,19205070,2
19160188,19229732,2
19167646,19391660,2
19167646,19173198,2
19169590,19202628,2
19181352,21709410,2
19186692,19648072,2
19189100,21411532,2
19191646,20048110,0
19246276,19527294,2
19246322,19537710,2
19247424,19269102,2
19257502,20898486,2
19278636,19324980,2
19285634,19295040,2
19317188,19418182,2
19399966,20025136,2
19434646,27478788,0
19575776,19578976,2
19643664,19863764,2
19711340,19856662,2
19731616,19849970,2
19759008,20106298,2
19766662,19908344,2
19777530,23138914,2
19804482,20601502,2
19832062,19841506,2
19863192,20782558,2
19863726,22058996,2
19884458,20050092,2
19900872,21620594,0
19906646,20437910,2
19914102,20083358,2
19932012,20245902,2
19976644,20104604,0
20016850,20062760,2
20036532,20038406,2
20073572,20076946,2
20088654,20967314,2
20156942,20307944,2
20173336,20541354,2
20249152,20443142,2
20280540,23023010,2
20298534,20690948,2
20329560,20344926,2
20369696,22865846,2
20369696,20651864,2
20396458,20418590,2
20427334,21304318,2
20472818,27013030,2
20477326,20751064,2
20568026,20719154,2
20637934,20815980,2
20644988,22080816,2
20700374,20812580,2
20729446,20900180,2
20797838,21450936,2
20862848,21044936,2
20905902,22615084,2
20919756,23765320,0
20971342,21918948,2
20986110,27372380,0
21060290,21146390,2
21112826,21295724,2
21145250,22030188,2
21146242,22893114,2
21148198,21438912,2
21186480,21413266,2
21277194,21580278,2
21293156,21407688,2
21304546,21697424,2
21336804,21377952,2
21459646,21488164,2
21493196,21854214,2
21552498,21897432,2
21609960,22785774,2
21626686,21691114,0
21715622,21783380,2
21745734,21978032,2
21749288,22960562,2
21914832,23981778,0
21932418,22942582,2
21944278,22079472,2
21952440,22071874,2
22027206,22141050,2
22068460,22736600,2
22140572,22723220,2
22191460,24947520,2
22370294,22755478,2
22640654,23253946,2
22710000,22720622,2
22795842,22925244,2
22832560,23091548,2
22844760,22877222,2
22978544,25413248,2
22997214,23479940,0
23124016,23332620,2
23148014,23515220,2
23149514,24584912,0
23268112,26699970,2
23292406,26891832,2
23346360,27563272,2
23355038,23863450,2
23443832,25419306,0
23679062,26064490,2
23961242,24631436,0
24033442,24238408,2
24112420,24372294,2
24244406,24424540,2
24375826,24473250,2
24406772,24959916,2
24912968,25198166,2
25552490,25849568,2
25589896,26330630,2
25631192,25782274,2
25695764,26265130,2
25862892,26879176,0
26567386,26826260,2
26760738,27359308,2
26817470,26892270,2
26978282,27556228,0
29952476,30403346,0
30912864,38241108,0
31547756,32645822,0
31765146,34622360,0
32309608,40138916,0
38552388,40138916,0
41740280,43087260,0
43465100,47987020,0
43970080,44062952,0
44793492,45163128,0
48520076,50656792,0
59044248,64006360,0
65060120,69049968,2
72260352,82265472,2
74665336,78740888,2
99238272,100971448,0
131590896,131790120,2
140420528,141679616,2
141316896,143158112,2
141872816,142350640,2
143673984,144463168,2
144854896,145200960,2
145488528,148800320,2
145875712,146073568,2
145921344,147995600,2
146089856,146744640,2
147133136,147243632,2
147150256,147821360,2
147204832,147266768,2
147623584,147904000,2
147839280,150223712,2
148405264,150869696,2
151322608,151574816,2
152028992,152636448,2
158236720,162752896,2
158765728,159120224,2
159325696,159735856,2
159613504,161173216,2
159798080,159999440,2
160130464,161796528,2
163557104,165302992,2
186274432,186493520,2
317362080,317433152,0
326602464,326722592,0
335844000,335855552,0
345028704,345513664,0
345049728,345066112,0
366103232,1327045504,2
787409920,813494208,2
854876352,857545280,2
869565632,877457216,2
880304000,882030400,2
882739456,887864768,2
884087296,892346944,2
887476480,894326592,2
920081600,932206720,2
937243328,948404864,2
937346176,957711104,2
938232064,952483776,2
943905216,957209280,2
945363776,988717248,2
948748864,960258560,2
959815552,962209792,2
963400448,966875904,2
967410880,990914944,2
975325312,975740800,2
997406144,1014734080,2
1002658240,1008583552,2
1002658240,1029667584,2
1004243008,1006494016,2
1007669632,1018411712,2
1011418944,1029268096,2
1013490880,1021303424,2
1021109056,1030736960,2
1029055744,1096816512,2
1029643968,1050605184,2
1035115584,1063254144,2
1041498368,1047006272,2
1041519104,1044168640,2
1042760512,1059246912,2
1045019072,1061680704,2
1051399872,1067275264,2
1053060096,1056198080,2
1053141440,1060543296,2
1053281536,1087391872,2
1054218752,1064797376,2
1058101824,1114887936,2
1059369600,1084629760,2
1059974592,1077267456,2
1064654528,1094293888,2
1069631296,1112373632,2
1070895168,1074729856,2
1072162688,1094554240,2
1073735744,1084855040,2
1073803520,1075809664,2
1075440512,1111762304,2
1081267456,1113347328,2
1082200576,1092468608,2
1082200576,1100455296,2
1082291840,1087360640,2
1083681664,1093193600,2
1085911680,1116923136,2
1087269504,1117504000,2
1089234176,1091105280,2
1090691968,1091822208,2
1091530880,1133766912,2
1091791360,1111913088,2
1095839104,1140382720,2
1096279936,1096862464,2
1096588416,1115160832,2
1098470144,1132230144,2
1098541440,1114206208,2
1100659328,1126885632,2
1101241728,1117402112,2
1101241728,1126455168,2
1102891008,1141630848,2
1103188224,1108517632,2
1105386752,1150719872,2
1108058624,1128752000,2
1108810368,1111869312,2
1109553280,1126376832,2
1109987840,1134097792,2
1110643456,1125916928,2
1111198080,1130707712,2
1115943040,1146120960,2
1116113920,1144567424,2
1116143488,1133038080,2
1118942848,1124438784,2
1122828288,1147272704,2
1123341440,1125497344,2
1123961216,1124067584,2
1125545472,1165506176,2
1125786752,1134220544,2
1126266496,1141189760,2
1126304512,1132776064,2
1128373632,1140038656,2
1128373632,1155818240,2
1130038144,1173624448,2
1130092288,1147017088,2
1130508800,1178117888,2
1132989696,1179004032,2
1132989696,1162375040,2
1133559296,1145312896,2
1134526720,1144739840,2
1135965824,1159551744,2
1136064128,1139834624,2
1137036928,1156071936,2
1137381376,1143061376,2
1137419008,1139637376,2
1137600768,1181080192,2
1137600768,1162283392,2
1138251776,1142638720,2
1138942080,1157681792,2
1140922368,1147072384,2
1142738816,1157261440,2
1143588864,1148604672,2
1145448064,1196516736,2
1146104960,1162471552,2
1147605120,1171857536,2
1147679232,1167196288,2
1150034432,1151302144,2
1150034432,1170549888,2
1150568704,1165019008,2
1151037568,1157072128,2
1151219328,1176559360,2
1151785216,1160044160,2
1151809792,1178316416,2
1152486016,1154547840,2
1153212288,1178927232,2
1153413504,1171917568,2
1153868416,1190950400,2
1154839936,1211925504,2
1160173056,1191885184,2
1160173056,1171481856,2
1160720896,1164027008,2
1161197184,1211181056,2
1163233152,1168414592,2
1163233152,1190901376,2
1163743104,1172398080,2
1164533632,1190783616,2
1165062528,1183887872,2
1165445888,1188791424,2
1165445888,1210393472,2
1166285184,1172424448,2
1167483136,1193278592,2
1168070400,1170852864,2
1168423296,1173118336,2
1169886080,1178408704,2
1171260032,1203357696,2
1171387648,1210571136,2
1171545088,1192339968,2
1171986688,1208327424,2
1172283520,1205229952,2
1172796032,1183088128,2
1172987008,1175700352,2
1173424000,1192142208,2
1174154752,1176651264,2
1174594432,1190537472,2
1180259456,1209432960,2
1181886592,1186024448,2
1182275584,1226061952,2
1183248256,1208153216,2
1183571072,1209128192,2
1184476928,1195877120,2
1185917696,1193875712,2
1186647040,1220681344,2
1188458496,1194122368,2
1189700864,1204510976,2
1190528896,1193894272,2
1191425664,1209583104,2
1193476096,1195416448,2
1195813760,1221918080,2
1196730752,1225870720,2
1196730752,1221268480,2
1198098048,1223690496,2
1198098048,1218561536,2
1198103296,1237816192,2
1198398592,1200868480,2
1198590336,1212047872,2
1199149440,1212253824,2
1200272896,1208744832,2
1201765376,1224694272,2
1203164800,1207090048,2
1203555968,1222193280,2
1204129024,1209776000,2
1205860224,1223495552,2
1206276480,1222703872,2
1209857280,1237238528,2
1211158784,1238176512,2
1211158784,1238273536,2
1212371712,1227718144,2
1212676992,1233760768,2
1213886592,1253725952,2
1214848384,1225205632,2
1216007552,1236920448,2
1216007552,1252770816,2
1217584896,1237338368,2
1217802240,1238031616,2
1218854272,1234094976,2
1219662976,1242126336,2
1219754368,1251892480,2
1219754368,1252708992,2
1221479552,1230712704,2
1221948544,1230016768,2
1222347520,1225053312,2
1222815488,1252435200,2
1222815488,1248267264,2
1224510080,1252900736,2
1224510080,1240096896,2
1230186752,1252573312,2
1231778816,1270121216,2
1232041216,1252518784,2
1233023360,1264474624,2
1234582528,1250344448,2
1235222656,1237456768,2
1236812288,1270459520,2
1238003456,1262028416,2
1242011648,1284144512,2
1242124032,1282198016,2
1242409472,1251755008,2
1242443520,1271229568,2
1242443520,1279378688,2
1243013376,1268607872,2
1243645056,1254900352,2
1244669824,1244894080,2
1245586816,1266238592,2
1245662720,1246750336,2
1246936064,1253724032,2
1248296448,1253835136,2
1250411904,1269150464,2
1250610432,1283665024,2
1251214080,1267985280,2
1251916416,1256285824,2
1253432832,1263380608,2
1255904640,1257074176,2
1256696576,1264069376,2
1257283584,1280822656,2
1257849216,1270437760,2
1258059776,1262230528,2
1259634560,1270689536,2
1261706368,1277481856,2
1262336768,1282115200,2
1262756864,1269041536,2
1263803776,1279993728,2
1264706432,1267972480,2
1265813504,1288220032,2
1265813504,1290654336,2
1266173312,1278146944,2
1266799488,1273185792,2
1267870208,1270786176,2
1268428544,1284984448,2
1268685696,1273431424,2
1269155584,1284249856,2
1269230080,1287999360,2
1269347456,1281159168,2
1270602368,1286989440,2
1271749760,1284675840,2
1272106496,1286605696,2
1273545472,1282866688,2
1274590080,1284431488,2
1275913856,1285807872,2
1279867520,1291454464,2
1281449472,1289263744,2
1281948160,1302228608,2
1282255616,1288924672,2
1283377280,1302390400,2
1284021504,1287188224,2
1284116480,1292776320,2
1284594176,1300991872,2
1285048704,1286131456,2
1285787776,1299881344,2
1287894144,1288285312,2
1289767424,1297572480,2
1292229760,1303379584,2
1293396736,1295110656,2
1293453184,1311504000,2
1293693440,1302859008,2
1293913088,1296627456,2
1296502016,1298672000,2
1296852480,1312612352,2
1297806720,1302509952,2
1299223552,1312306048,2
1299361280,1314532480,2
1299380480,1301563264,2
1301037056,1322456320,2
1301331456,1309532672,2
1303056384,1305876224,2
1304497280,1309303552,2
1304759040,1314244096,2
1307037696,1307464960,2
1307097856,1313489664,2
1309070336,1312637312,2
1312117760,1313929088,2
1312324480,1318417536,2
1312838784,1312987136,2
1314146688,1315394944,2
1314243584,1321320576,2
1314508288,1319734144,2
1316081024,1318409344,2
1318287616,1318337792,2
1319440640,1321206784,2
1321837824,1323703040,2
1326137472,1326664832,2
0,inf,-1
